{"side":{"p":[1.6714,0.88,0.8966,0.1026,1,0.8966,0.1026,0.88,0.8966,-1.797,0.88,-0.7473,-1.797,1,0.7473,-1.797,1,-0.7473,-0.1026,1,0.8966,-1.6714,0.88,0.8966,-0.1026,0.88,0.8966,0.1026,1,-0.8966,1.6714,0.88,-0.8966,0.1026,0.88,-0.8966,-1.6714,0.88,-0.8966,-0.1026,1,-0.8966,-0.1026,0.88,-0.8966,1.797,1,0.7473,1.797,0.88,-0.7473,1.797,1,-0.7473,1.6714,1,0.8966,-1.797,0.88,0.7473,-1.6714,1,0.8966,1.6714,1,-0.8966,-1.6714,1,-0.8966,1.797,0.88,0.7473,0.0427,1,0.9865,0.0557,0.88,0.9256,0.0557,1,0.9256,1.7056,0.88,0.9,1.7503,1,0.9219,1.7056,1,0.9,1.8612,0.88,0.8922,1.8219,1,0.8501,1.8612,1,0.8922,1.8219,0.88,0.8501,1.7986,1,0.8035,1.7949,0.88,0.9632,1.7503,0.88,0.9219,-0.0557,0.88,0.9256,-0.0427,1,0.9865,-0.0557,1,0.9256,-1.7503,1,0.9219,-1.7056,0.88,0.9,-1.7056,1,0.9,-1.8219,1,0.8501,-1.8612,0.88,0.8922,-1.8612,1,0.8922,-1.7986,1,0.8035,-1.8219,0.88,0.8501,-1.7949,0.88,0.9632,-1.7503,0.88,0.9219,0.0557,0.88,-0.9256,0.0427,1,-0.9865,0.0557,1,-0.9256,1.7503,1,-0.9219,1.7056,0.88,-0.9,1.7056,1,-0.9,1.8219,1,-0.8501,1.8612,0.88,-0.8922,1.8612,1,-0.8922,1.7986,1,-0.8035,1.8219,0.88,-0.8501,1.7949,0.88,-0.9632,1.7503,0.88,-0.9219,-0.0427,1,-0.9865,-0.0557,0.88,-0.9256,-0.0557,1,-0.9256,-1.7056,0.88,-0.9,-1.7503,1,-0.9219,-1.7056,1,-0.9,-1.8612,0.88,-0.8922,-1.8219,1,-0.8501,-1.8612,1,-0.8922,-1.8219,0.88,-0.8501,-1.7986,1,-0.8035,-1.7949,0.88,-0.9632,-1.7503,0.88,-0.9219,0.0427,0.88,0.9865,1.7986,0.88,0.8035,1.7949,1,0.9632,-0.0427,0.88,0.9865,-1.7986,0.88,0.8035,-1.7949,1,0.9632,0.0427,0.88,-0.9865,1.7986,0.88,-0.8035,1.7949,1,-0.9632,-0.0427,0.88,-0.9865,-1.7986,0.88,-0.8035,-1.7949,1,-0.9632,0.0225,0.88,1.0047,-0.0225,1,-1.0047,0.0225,0.88,-1.0047,-0.0225,0.88,-1.0047,1.8389,1,0.9741,1.8389,0.88,0.9741,1.8749,1,0.938,1.8749,0.88,0.938,-0.0225,0.88,1.0047,-1.8389,1,0.9741,-1.8749,1,0.938,-1.8389,0.88,0.9741,-1.8749,0.88,0.938,-0.0225,1,1.0047,1.8389,1,-0.9741,1.8749,1,-0.938,1.8389,0.88,-0.9741,1.8749,0.88,-0.938,-1.8389,1,-0.9741,-1.8389,0.88,-0.9741,-1.8749,1,-0.938,-1.8749,0.88,-0.938,0.0225,1,1.0047,0.0225,1,-1.0047,0.0789,0.88,0.9022,0.0789,1,0.9022,-0.0789,0.88,0.9022,-0.0789,1,0.9022,0.0789,0.88,-0.9022,0.0789,1,-0.9022,-0.0789,0.88,-0.9022,-0.0789,1,-0.9022],"q":[{"i":[86,3,5,73],"n":[0.999595,0,-0.028458],"f":["sidehard"],"s":[-1.7978,0.94,-0.7754,0.06626],"uv":[0.2624,0.0939,0.4713,0.0939,0.4713,0.1547,0.2624,0.1547]},{"i":[12,66,68,22],"n":[-0.098928,0,0.995095],"f":["sidehard"],"s":[-1.6885,0.94,-0.8983,0.06242],"uv":[0.4961,0.3647,0.6715,0.3647,0.6715,0.4255,0.4961,0.4255]},{"i":[119,65,64,118],"n":[0.710135,0,0.704066],"f":["sidehard"],"s":[-0.0673,0.94,-0.9139,0.06223],"uv":[0.2609,0.4255,0.1073,0.4255,0.1073,0.3647,0.2609,0.3647]},{"i":[13,119,118,14],"n":[0.229955,0,0.973201],"f":["sidehard"],"s":[-0.09075,0.94,-0.8994,0.06123],"uv":[0.4707,0.4255,0.2609,0.4255,0.2609,0.3647,0.4707,0.3647]},{"i":[17,16,83,59],"n":[-0.999595,0,-0.028458],"f":["sidehard"],"s":[1.7978,0.94,-0.7754,0.06626],"uv":[0.4991,0.2744,0.4991,0.2136,0.6713,0.2136,0.6713,0.2744]},{"i":[55,54,10,21],"n":[0.098928,0,0.995095],"f":["sidehard"],"s":[1.6885,0.94,-0.8983,0.06242],"uv":[0.259,0.7041,0.259,0.6433,0.4717,0.6433,0.4717,0.7041]},{"i":[50,52,117,116],"n":[-0.710135,0,0.704066],"f":["sidehard"],"s":[0.0673,0.94,-0.9139,0.06223],"uv":[0.8822,0.6433,0.8822,0.7041,0.6695,0.7041,0.6695,0.6433]},{"i":[116,117,9,11],"n":[-0.229955,0,0.973201],"f":["sidehard"],"s":[0.09075,0.94,-0.8994,0.06123],"uv":[0.6695,0.6433,0.6695,0.7041,0.4934,0.7041,0.4934,0.6433]},{"i":[4,19,80,46],"n":[0.999595,0,0.028458],"f":["sidehard"],"s":[-1.7978,0.94,0.7754,0.06626],"uv":[0.5006,0.1547,0.5006,0.0939,0.6734,0.0939,0.6734,0.1547]},{"i":[42,41,7,20],"n":[-0.098928,0,-0.995095],"f":["sidehard"],"s":[-1.6885,0.94,0.8983,0.06242],"uv":[0.2597,0.5727,0.2597,0.5119,0.4719,0.5119,0.4719,0.5727]},{"i":[37,39,115,114],"n":[0.710135,0,-0.704066],"f":["sidehard"],"s":[-0.0673,0.94,0.9139,0.06223],"uv":[0.8838,0.5119,0.8838,0.5727,0.6694,0.5727,0.6694,0.5119]},{"i":[114,115,6,8],"n":[0.229955,0,-0.973201],"f":["sidehard"],"s":[-0.09075,0.94,0.8994,0.06123],"uv":[0.6694,0.5119,0.6694,0.5727,0.4955,0.5727,0.4955,0.5119]},{"i":[77,23,15,34],"n":[-0.999595,0,0.028458],"f":["sidehard"],"s":[1.7978,0.94,0.7754,0.06626],"uv":[0.2618,0.2136,0.4709,0.2136,0.4709,0.2744,0.2618,0.2744]},{"i":[0,27,29,18],"n":[0.098928,0,-0.995095],"f":["sidehard"],"s":[1.6885,0.94,0.8983,0.06242],"uv":[0.4925,0.7708,0.6675,0.7708,0.6675,0.8316,0.4925,0.8316]},{"i":[113,26,25,112],"n":[-0.710135,0,-0.704066],"f":["sidehard"],"s":[0.0673,0.94,0.9139,0.06223],"uv":[0.2567,0.8316,0.0989,0.8316,0.0989,0.7708,0.2567,0.7708]},{"i":[1,113,112,2],"n":[-0.229955,0,-0.973201],"f":["sidehard"],"s":[0.09075,0.94,0.8994,0.06123],"uv":[0.4721,0.8316,0.2567,0.8316,0.2567,0.7708,0.4721,0.7708]},{"i":[109,69,71,108],"n":[0.958056,0,-0.28658],"f":["pocket"],"s":[-1.86805,0.94,-0.9151,0.06459],"uv":[0.0313,0.0939,0.0596,0.0939,0.0596,0.1547,0.0313,0.1547]},{"i":[107,109,108,106],"n":[0.708087,0,0.706125],"f":["pocket"],"s":[-1.8569,0.94,-0.95605,0.0652],"uv":[0.0101,0.0939,0.0313,0.0939,0.0313,0.1547,0.0101,0.1547]},{"i":[74,107,106,87],"n":[-0.240459,0,0.970659],"f":["pocket"],"s":[-1.8169,0.94,-0.96865,0.06414],"uv":[0.9653,0.3647,0.9948,0.3647,0.9948,0.4255,0.9653,0.4255]},{"i":[63,89,91,85],"n":[0.669371,0,0.742928],"f":["pocket"],"s":[-0.0326,0.94,-0.9956,0.06153],"uv":[0.0592,0.4255,0.0328,0.4255,0.0328,0.3647,0.0592,0.3647]},{"i":[58,57,105,103],"n":[-0.958056,0,-0.28658],"f":["pocket"],"s":[1.86805,0.94,-0.91509,0.06459],"uv":[0.9658,0.2744,0.9658,0.2136,0.9965,0.2136,0.9965,0.2744]},{"i":[103,105,104,102],"n":[-0.708087,0,0.706125],"f":["pocket"],"s":[1.8569,0.94,-0.95605,0.0652],"uv":[0.0078,0.7041,0.0078,0.6433,0.0297,0.6433,0.0297,0.7041]},{"i":[102,104,61,84],"n":[0.240459,0,0.970659],"f":["pocket"],"s":[1.8169,0.94,-0.96865,0.06414],"uv":[0.0297,0.7041,0.0297,0.6433,0.0606,0.6433,0.0606,0.7041]},{"i":[90,111,51,82],"n":[-0.669371,0,0.742928],"f":["pocket"],"s":[0.03261,0.94,-0.9956,0.06153],"uv":[0.9911,0.6433,0.9911,0.7041,0.9641,0.7041,0.9641,0.6433]},{"i":[88,110,101,96],"n":[0,0,-1],"f":["pocket"],"s":[0.00001,0.94,1.0047,0.06409],"uv":[0.0281,0.7708,0.0281,0.8316,0.007,0.8316,0.007,0.7708]},{"i":[45,44,100,98],"n":[0.958056,0,0.28658],"f":["pocket"],"s":[-1.86805,0.94,0.9151,0.06459],"uv":[0.9659,0.1547,0.9659,0.0939,0.9975,0.0939,0.9975,0.1547]},{"i":[98,100,99,97],"n":[0.708087,0,-0.706125],"f":["pocket"],"s":[-1.8569,0.94,0.95605,0.0652],"uv":[0.0082,0.5727,0.0082,0.5119,0.0314,0.5119,0.0314,0.5727]},{"i":[97,99,48,81],"n":[-0.240459,0,-0.970659],"f":["pocket"],"s":[-1.8169,0.94,0.96865,0.06414],"uv":[0.0314,0.5727,0.0314,0.5119,0.0586,0.5119,0.0586,0.5727]},{"i":[96,101,38,79],"n":[0.669371,0,-0.742928],"f":["pocket"],"s":[-0.0326,0.94,0.9956,0.06153],"uv":[0.9921,0.5119,0.9921,0.5727,0.9645,0.5727,0.9645,0.5119]},{"i":[95,30,32,94],"n":[-0.958056,0,0.28658],"f":["pocket"],"s":[1.86805,0.94,0.9151,0.06459],"uv":[0.0319,0.2136,0.0593,0.2136,0.0593,0.2744,0.0319,0.2744]},{"i":[93,95,94,92],"n":[-0.708087,0,-0.706125],"f":["pocket"],"s":[1.8569,0.94,0.95605,0.0652],"uv":[0.0074,0.2136,0.0319,0.2136,0.0319,0.2744,0.0074,0.2744]},{"i":[35,93,92,78],"n":[0.240459,0,-0.970659],"f":["pocket"],"s":[1.8169,0.94,0.96865,0.06414],"uv":[0.9652,0.7708,0.9897,0.7708,0.9897,0.8316,0.9652,0.8316]},{"i":[89,111,90,91],"n":[0,0,1],"f":["pocket"],"s":[0,0.94,-1.00469,0.06409],"uv":[0.0328,0.4255,0.008,0.4255,0.008,0.3647,0.0328,0.3647]},{"i":[24,110,88,76],"n":[-0.669371,0,-0.742928],"f":["pocket"],"s":[0.03261,0.94,0.9956,0.06153],"uv":[0.0595,0.8316,0.0281,0.8316,0.0281,0.7708,0.0595,0.7708]},{"i":[74,87,67,75],"n":[-0.679441,0,0.73373],"f":["sidesoft"],"s":[-1.7726,0.94,-0.94255,0.06726],"uv":[0.9653,0.3647,0.9653,0.4255,0.8834,0.4255,0.8834,0.3647]},{"i":[72,86,73,70],"n":[0.894427,0,-0.447214],"f":["sidesoft"],"s":[-1.81025,0.94,-0.8268,0.06542],"uv":[0.109,0.0939,0.2624,0.0939,0.2624,0.1547,0.109,0.1547]},{"i":[69,72,70,71],