{
    "data": [
        {
            "name": "Node-2",
            "texture": "SampleScene_LMA1_final",
            "scale": {
                "x": 0.9991021752357483,
                "y": 1.0055034160614014
            },
            "offset": {
                "x": 0.00146484375,
                "y": 0.00146484375
            }
        },
        {
            "name": "Node-1",
            "texture": "SampleScene_LMA2_final",
            "scale": {
                "x": 0.9989216327667236,
                "y": 0.9990208148956299
            },
            "offset": {
                "x": 0.00146484375,
                "y": 0.00146484375
            }
        },
        {
            "name": "Node-0",
            "texture": "SampleScene_LM0_final",
            "scale": {
                "x": 0.9989214539527893,
                "y": 0.9989351034164429
            },
            "offset": {
                "x": 0.00146484375,
                "y": 0.00146484375
            }
        }
    ]
}